"","x"
"1","http://www.bea.gov/histdata/Releases/GDP_and_PI/2015/Q4/Third_March-25-2016/Section1all_xls.xls"
"2","http://www.bea.gov/histdata/Releases/GDP_and_PI/2015/Q4/Second_February-26-2016/Section1all_xls.xls"
"3","http://www.bea.gov/histdata/Releases/GDP_and_PI/2015/Q4/Advance_January-29-2016/Section1all_xls.xls"
"4","http://www.bea.gov/histdata/Releases/GDP_and_PI/2015/Q3/Third_December-22-2015/Section1all_xls.xls"
"5","http://www.bea.gov/histdata/Releases/GDP_and_PI/2015/Q3/Second_November-24-2015/Section1all_xls.xls"
"6","http://www.bea.gov/histdata/Releases/GDP_and_PI/2015/Q3/Advance_October-29-2015/Section1all_xls.xls"
"7","http://www.bea.gov/histdata/Releases/GDP_and_PI/2015/Q2/Third_September-25-2015/Section1all_xls.xls"
"8","http://www.bea.gov/histdata/Releases/GDP_and_PI/2015/Q2/Second_August-27-2015/Section1all_xls.xls"
"9","http://www.bea.gov/histdata/Releases/GDP_and_PI/2015/Q2/Advance_July-30-2015/Section1all_xls.xls"
"10","http://www.bea.gov/histdata/Releases/GDP_and_PI/2015/Q1/Third_June-24-2015/Section1all_xls.xls"
"11","http://www.bea.gov/histdata/Releases/GDP_and_PI/2015/Q1/Second_May-29-2015/Section1all_xls.xls"
"12","http://www.bea.gov/histdata/Releases/GDP_and_PI/2015/Q1/Advance_April-29-2015/Section1all_xls.xls"
"13","http://www.bea.gov/histdata/Releases/GDP_and_PI/2014/Q4/Third_March-27-2015/Section1all_xls.xls"
"14","http://www.bea.gov/histdata/Releases/GDP_and_PI/2014/Q4/Second_February-27-2015/Section1all_xls.xls"
"15","http://www.bea.gov/histdata/Releases/GDP_and_PI/2014/Q4/Advance_January-30-2015/Section1all_xls.xls"
"16","http://www.bea.gov/histdata/Releases/GDP_and_PI/2014/q3/Third_December-23-2014/Section1all_xls.xls"
"17","http://www.bea.gov/histdata/Releases/GDP_and_PI/2014/q3/Second_November-25-2014/Section1all_xls.xls"
"18","http://www.bea.gov/histdata/Releases/GDP_and_PI/2014/q3/Advance_October-30-2014/Section1all_xls.xls"
"19","http://www.bea.gov/histdata/Releases/GDP_and_PI/2014/Q2/Third_September-26-2014/Section1all_xls.xls"
"20","http://www.bea.gov/histdata/Releases/GDP_and_PI/2014/Q2/Second_August-28-2014/Section1all_xls.xls"
"21","http://www.bea.gov/histdata/Releases/GDP_and_PI/2014/Q2/Advance_July-30-2014/Section1all_xls.xls"
"22","http://www.bea.gov/histdata/Releases/GDP_and_PI/2014/Q1/Third_June-25-2014/Section1all_xls.xls"
"23","http://www.bea.gov/histdata/Releases/GDP_and_PI/2014/Q1/Second_May-29-2014/Section1all_xls.xls"
"24","http://www.bea.gov/histdata/Releases/GDP_and_PI/2014/Q1/Advance_April-30-2014/Section1all_xls.xls"
"25","http://www.bea.gov/histdata/Releases/GDP_and_PI/2013/Q4/Third_March-27-2014/Section1all_xls.xls"
"26","http://www.bea.gov/histdata/Releases/GDP_and_PI/2013/Q4/Second_February-28-2014/Section1all_xls.xls"
"27","http://www.bea.gov/histdata/Releases/GDP_and_PI/2013/Q4/Advance_January-30-2014/Section1all_xls.xls"
"28","http://www.bea.gov/histdata/Releases/GDP_and_PI/2013/Q3/Third_December-20-2013/Section1all_xls.xls"
"29","http://www.bea.gov/histdata/Releases/GDP_and_PI/2013/Q3/Second_December-5-2013/Section1all_xls.xls"
"30","http://www.bea.gov/histdata/Releases/GDP_and_PI/2013/Q3/Advance_November-7-2013/Section1all_xls.xls"
"31","http://www.bea.gov/histdata/Releases/GDP_and_PI/2013/Q2/Third_September-26-2013/Section1all_xls.xls"
"32","http://www.bea.gov/histdata/Releases/GDP_and_PI/2013/Q2/Second_August-29-2013/Section1all_xls.xls"
"33","http://www.bea.gov/histdata/Releases/GDP_and_PI/2013/Q2/Advance_July-31-2013/Section1all_xls.xls"
"34","http://www.bea.gov/histdata/Releases/GDP_and_PI/2013/Q1/Third_June-26-2013/Section1all_xls.xls"
"35","http://www.bea.gov/histdata/Releases/GDP_and_PI/2013/Q1/Second_May-30-2013/Section1all_xls.xls"
"36","http://www.bea.gov/histdata/Releases/GDP_and_PI/2013/Q1/Advance_April-26-2013/Section1all_xls.xls"
"37","http://www.bea.gov/histdata/Releases/GDP_and_PI/2012/Q4/Third_March-28-2013/Section1all_xls.xls"
"38","http://www.bea.gov/histdata/Releases/GDP_and_PI/2012/Q4/Second_February-28-2013/Section1all_xls.xls"
"39","http://www.bea.gov/histdata/Releases/GDP_and_PI/2012/Q4/Advance_January-30-2013/Section1all_xls.xls"
"40","http://www.bea.gov/histdata/Releases/GDP_and_PI/2012/Q3/Third_December-20-2012/Section1all_xls.xls"
"41","http://www.bea.gov/histdata/Releases/GDP_and_PI/2012/Q3/Second_November-29-2012/Section1all_xls.xls"
"42","http://www.bea.gov/histdata/Releases/GDP_and_PI/2012/Q3/Advance_October-26-2012/Section1all_xls.xls"
"43","http://www.bea.gov/histdata/Releases/GDP_and_PI/2012/Q2/Third_September-27-2012/Section1all_xls.xls"
"44","http://www.bea.gov/histdata/Releases/GDP_and_PI/2012/Q2/Second_August-29-2012/Section1all_xls.xls"
"45","http://www.bea.gov/histdata/Releases/GDP_and_PI/2012/Q2/Advance_July-27-2012/Section1all_xls.xls"
"46","http://www.bea.gov/histdata/Releases/GDP_and_PI/2012/Q1/Third_June-28-2012/Section1all_xls.xls"
"47","http://www.bea.gov/histdata/Releases/GDP_and_PI/2012/Q1/Second_May-31-2012/Section1all_xls.xls"
"48","http://www.bea.gov/histdata/Releases/GDP_and_PI/2012/Q1/Advance_April-27-2012/Section1all_xls.xls"
"49","http://www.bea.gov/histdata/Releases/GDP_and_PI/2011/Q4/Third_March-29-2012/Section1all_xls.xls"
"50","http://www.bea.gov/histdata/Releases/GDP_and_PI/2011/Q4/Second_February-29-2012/Section1all_xls.xls"
"51","http://www.bea.gov/histdata/Releases/GDP_and_PI/2011/Q4/Advance_January-27-2012/Section1all_xls.xls"
"52","http://www.bea.gov/histdata/Releases/GDP_and_PI/2011/Q3/Third_December-22-2011/Section1all_xls.xls"
"53","http://www.bea.gov/histdata/Releases/GDP_and_PI/2011/Q3/Second_November-22-2011/Section1all_xls.xls"
"54","http://www.bea.gov/histdata/Releases/GDP_and_PI/2011/Q3/Advance_October-27-2011/Section1all_xls.xls"
"55","http://www.bea.gov/histdata/Releases/GDP_and_PI/2011/Q2/Third_September-29-2011/Section1all_xls.xls"
"56","http://www.bea.gov/histdata/Releases/GDP_and_PI/2011/Q2/Second_August-26-2011/Section1all_xls.xls"
"57","http://www.bea.gov/histdata/Releases/GDP_and_PI/2011/Q2/Advance_July-29-2011/Section1all_xls.xls"
"58","http://www.bea.gov/histdata/Releases/GDP_and_PI/2011/Q1/Third_June-24-2011/Section1all_xls.xls"
"59","http://www.bea.gov/histdata/Releases/GDP_and_PI/2011/Q1/Second_May-26-2011/Section1all_xls.xls"
"60","http://www.bea.gov/histdata/Releases/GDP_and_PI/2011/Q1/Advance_April-28-2011/Section1all_xls.xls"
"61","http://www.bea.gov/histdata/Releases/GDP_and_PI/2010/Q4/Third_March-25-2011/Section1all_xls.xls"
"62","http://www.bea.gov/histdata/Releases/GDP_and_PI/2010/Q4/Second_February-25-2011/Section1all_xls.xls"
"63","http://www.bea.gov/histdata/Releases/GDP_and_PI/2010/Q4/Advance_January-28-2011/Section1all_xls.xls"
"64","http://www.bea.gov/histdata/Releases/GDP_and_PI/2010/Q3/Third_December-22-2010/Section1all_xls.xls"
"65","http://www.bea.gov/histdata/Releases/GDP_and_PI/2010/Q3/Second_November-23-2010/Section1all_xls.xls"
"66","http://www.bea.gov/histdata/Releases/GDP_and_PI/2010/Q3/Advance_October-29-2010/Section1all_xls.xls"
"67","http://www.bea.gov/histdata/Releases/GDP_and_PI/2010/Q2/Third_September-30-2010/Section1all_xls.xls"
"68","http://www.bea.gov/histdata/Releases/GDP_and_PI/2010/Q2/Second_August-27-2010/Section1all_xls.xls"
"69","http://www.bea.gov/histdata/Releases/GDP_and_PI/2010/Q2/Advance_July-30-2010/Section1all_xls.xls"
"70","http://www.bea.gov/histdata/Releases/GDP_and_PI/2010/Q1/Third_June-25-2010/Section1ALL_xls.xls"
"71","http://www.bea.gov/histdata/Releases/GDP_and_PI/2010/Q1/Second_May-27-2010/Section1ALL_xls.xls"
"72","http://www.bea.gov/histdata/Releases/GDP_and_PI/2010/Q1/Advance_April-30-2010/Section1ALL_xls.xls"
"73","http://www.bea.gov/histdata/Releases/GDP_and_PI/2009/Q4/Third_March-26-2010/Section1ALL_xls.xls"
"74","http://www.bea.gov/histdata/Releases/GDP_and_PI/2009/Q4/Second_February-26-2010/Section1ALL_xls.xls"
"75","http://www.bea.gov/histdata/Releases/GDP_and_PI/2009/Q4/Advance_January-29-2010/Section1ALL_xls.xls"
"76","http://www.bea.gov/histdata/Releases/GDP_and_PI/2009/Q3/Third_December-22-2009/Section1ALL_xls.xls"
"77","http://www.bea.gov/histdata/Releases/GDP_and_PI/2009/Q3/Second_November-24-2009/Section1ALL_xls.xls"
"78","http://www.bea.gov/histdata/Releases/GDP_and_PI/2009/Q3/Advance_October-29-2009/Section1ALL_xls.xls"
"79","http://www.bea.gov/histdata/Releases/GDP_and_PI/2009/Q2/Third_September-30-2009/Section1ALL_xls.xls"
"80","http://www.bea.gov/histdata/Releases/GDP_and_PI/2009/Q2/Second_August-27-2009/Section1ALL_xls.xls"
"81","http://www.bea.gov/histdata/Releases/GDP_and_PI/2009/Q2/Advance_July-31-2009/Section1ALL_xls.xls"
"82","http://www.bea.gov/histdata/Releases/GDP_and_PI/2009/Q1/Preliminary_May-29-2009/Section1ALL_xls.xls"
"83","http://www.bea.gov/histdata/Releases/GDP_and_PI/2009/Q1/Final_June-25-2009/Section1ALL_xls.xls"
"84","http://www.bea.gov/histdata/Releases/GDP_and_PI/2009/Q1/Advance_April-29-2009/Section1ALL_xls.xls"
"85","http://www.bea.gov/histdata/Releases/GDP_and_PI/2008/Q4/Preliminary_February-27-2009/Section1ALL_xls.xls"
"86","http://www.bea.gov/histdata/Releases/GDP_and_PI/2008/Q4/Final_March-26-2009/Section1ALL_xls.xls"
"87","http://www.bea.gov/histdata/Releases/GDP_and_PI/2008/Q4/Advance_January-30-2009/Section1ALL_xls.xls"
"88","http://www.bea.gov/histdata/Releases/GDP_and_PI/2008/Q3/Preliminary_November-25-2008/Section1ALL_xls.xls"
"89","http://www.bea.gov/histdata/Releases/GDP_and_PI/2008/Q3/Final_December-23-2008/Section1ALL_xls.xls"
"90","http://www.bea.gov/histdata/Releases/GDP_and_PI/2008/Q3/Advance_October-30-2008/Section1ALL_xls.xls"
"91","http://www.bea.gov/histdata/Releases/GDP_and_PI/2008/Q2/Preliminary_August-28-2008/Section1ALL_xls.xls"
"92","http://www.bea.gov/histdata/Releases/GDP_and_PI/2008/Q2/Final_September-26-2008/Section1ALL_xls.xls"
"93","http://www.bea.gov/histdata/Releases/GDP_and_PI/2008/Q2/Advance_July-31-2008/Section1ALL_xls.xls"
"94","http://www.bea.gov/histdata/Releases/GDP_and_PI/2008/Q1/Preliminary_May-29-2008/Section1ALL_xls.xls"
"95","http://www.bea.gov/histdata/Releases/GDP_and_PI/2008/Q1/Final_June-26-2008/Section1ALL_xls.xls"
"96","http://www.bea.gov/histdata/Releases/GDP_and_PI/2008/Q1/Advance_April-30-2008/Section1ALL_xls.xls"
"97","http://www.bea.gov/histdata/Releases/GDP_and_PI/2007/Q4/Preliminary_February-28-2008/Section1ALL_xls.xls"
"98","http://www.bea.gov/histdata/Releases/GDP_and_PI/2007/Q4/Final_March-27-2008/Section1ALL_xls.xls"
"99","http://www.bea.gov/histdata/Releases/GDP_and_PI/2007/Q4/Advance_January-30-2008/Section1ALL_xls.xls"
"100","http://www.bea.gov/histdata/Releases/GDP_and_PI/2007/Q3/Preliminary_November-29-2007/Section1ALL_xls.xls"
"101","http://www.bea.gov/histdata/Releases/GDP_and_PI/2007/Q3/Final_December-20-2007/Section1ALL_xls.xls"
"102","http://www.bea.gov/histdata/Releases/GDP_and_PI/2007/Q3/Advance_October-31-2007/Section1ALL_xls.xls"
"103","http://www.bea.gov/histdata/Releases/GDP_and_PI/2007/Q2/Preliminary_August-30-2007/Section1ALL_xls.xls"
"104","http://www.bea.gov/histdata/Releases/GDP_and_PI/2007/Q2/Final_September-27-2007/Section1ALL_xls.xls"
"105","http://www.bea.gov/histdata/Releases/GDP_and_PI/2007/Q2/Advance_July-27-2007/Section1ALL_xls.xls"
"106","http://www.bea.gov/histdata/Releases/GDP_and_PI/2007/Q1/Preliminary_May-31-2007/Section1ALL_xls.xls"
"107","http://www.bea.gov/histdata/Releases/GDP_and_PI/2007/Q1/Final_June-28-2007/Section1ALL_xls.xls"
"108","http://www.bea.gov/histdata/Releases/GDP_and_PI/2007/Q1/Advance_April-27-2007/Section1ALL_xls.xls"
"109","http://www.bea.gov/histdata/Releases/GDP_and_PI/2006/Q4/Preliminary_February-28-2007/Section1ALL_xls.xls"
"110","http://www.bea.gov/histdata/Releases/GDP_and_PI/2006/Q4/Final_March-30-2007/Section1ALL_xls.xls"
"111","http://www.bea.gov/histdata/Releases/GDP_and_PI/2006/Q4/Advance_January-27-2007/Section1ALL_xls.xls"
"112","http://www.bea.gov/histdata/Releases/GDP_and_PI/2006/Q3/Preliminary_November-29-2006/Section1ALL_xls.xls"
"113","http://www.bea.gov/histdata/Releases/GDP_and_PI/2006/Q3/Final_December-21-2006/Section1ALL_xls.xls"
"114","http://www.bea.gov/histdata/Releases/GDP_and_PI/2006/Q3/Advance_October-27-2006/Section1ALL_xls.xls"
"115","http://www.bea.gov/histdata/Releases/GDP_and_PI/2006/Q2/Preliminary_August-30-2006/Section1ALL_xls.xls"
"116","http://www.bea.gov/histdata/Releases/GDP_and_PI/2006/Q2/Final_September-28-2006/Section1ALL_xls.xls"
"117","http://www.bea.gov/histdata/Releases/GDP_and_PI/2006/Q2/Advance_July-28-2006/Section1ALL_xls.xls"
"118","http://www.bea.gov/histdata/Releases/GDP_and_PI/2006/Q1/Preliminary_May-25-2006/Section1ALL_xls.xls"
"119","http://www.bea.gov/histdata/Releases/GDP_and_PI/2006/Q1/Final_June-29-2006/Section1ALL_xls.xls"
"120","http://www.bea.gov/histdata/Releases/GDP_and_PI/2006/Q1/Advance_April-28-2006/Section1ALL_xls.xls"
"121","http://www.bea.gov/histdata/Releases/GDP_and_PI/2005/Q4/Preliminary_February-28-2006/Section1ALL_xls.xls"
"122","http://www.bea.gov/histdata/Releases/GDP_and_PI/2005/Q4/Final_March-30-2006/Section1ALL_xls.xls"
"123","http://www.bea.gov/histdata/Releases/GDP_and_PI/2005/Q4/Advance_January-27-2006/Section1ALL_xls.xls"
"124","http://www.bea.gov/histdata/Releases/GDP_and_PI/2005/Q3/Preliminary_November-30-2005/Section1ALL_xls.xls"
"125","http://www.bea.gov/histdata/Releases/GDP_and_PI/2005/Q3/Final_December-21-2005/Section1ALL_xls.xls"
"126","http://www.bea.gov/histdata/Releases/GDP_and_PI/2005/Q3/Advance_October-28-2005/Section1ALL_xls.xls"
"127","http://www.bea.gov/histdata/Releases/GDP_and_PI/2005/Q2/Preliminary_August-31-2005/Section1ALL_xls.xls"
"128","http://www.bea.gov/histdata/Releases/GDP_and_PI/2005/Q2/Final_September-29-2005/Section1ALL_xls.xls"
"129","http://www.bea.gov/histdata/Releases/GDP_and_PI/2005/Q2/Advance_July-29-2005/Section1ALL_xls.xls"
"130","http://www.bea.gov/histdata/Releases/GDP_and_PI/2005/Q1/Preliminary_May-26-2005/Section1ALL_xls.xls"
"131","http://www.bea.gov/histdata/Releases/GDP_and_PI/2005/Q1/Final_June-29-2005/Section1ALL_xls.xls"
"132","http://www.bea.gov/histdata/Releases/GDP_and_PI/2005/Q1/Advance_April-28-2005/Section1ALL_xls.xls"
"133","http://www.bea.gov/histdata/Releases/GDP_and_PI/2004/Q4/Preliminary_February-25-2005/Section1ALL_xls.xls"
"134","http://www.bea.gov/histdata/Releases/GDP_and_PI/2004/Q4/Final_March-30-2005/Section1ALL_xls.xls"
"135","http://www.bea.gov/histdata/Releases/GDP_and_PI/2004/Q4/Advance_January-28-2005/Section1ALL_xls.xls"
"136","http://www.bea.gov/histdata/Releases/GDP_and_PI/2004/Q3/Preliminary_November-30-2004/Section1ALL_xls.xls"
"137","http://www.bea.gov/histdata/Releases/GDP_and_PI/2004/Q3/Final_December-22-2004/Section1ALL_xls.xls"
"138","http://www.bea.gov/histdata/Releases/GDP_and_PI/2004/Q3/Advance_October-29-2004/Section1ALL_xls.xls"
"139","http://www.bea.gov/histdata/Releases/GDP_and_PI/2004/Q2/Preliminary_August-27-2004/Section1ALL_xls.xls"
"140","http://www.bea.gov/histdata/Releases/GDP_and_PI/2004/Q2/Final_September-29-2004/Section1ALL_xls.xls"
"141","http://www.bea.gov/histdata/Releases/GDP_and_PI/2004/Q2/Advance_July-30-2004/Section1ALL_xls.xls"
"142","http://www.bea.gov/histdata/Releases/GDP_and_PI/2004/Q1/Preliminary_May-27-2004/Section1ALL_xls.xls"
"143","http://www.bea.gov/histdata/Releases/GDP_and_PI/2004/Q1/Final_June-25-2004/Section1ALL_xls.xls"
"144","http://www.bea.gov/histdata/Releases/GDP_and_PI/2004/Q1/Advance_April-29-2004/Section1ALL_xls.xls"
"145","http://www.bea.gov/histdata/Releases/GDP_and_PI/2003/Q4/Preliminary_February-27-2004/Section1ALL_xls.xls"
"146","http://www.bea.gov/histdata/Releases/GDP_and_PI/2003/Q4/Final_March-25-2004/Section1ALL_xls.xls"
"147","http://www.bea.gov/histdata/Releases/GDP_and_PI/2003/Q4/Advance_January-30-2004/Section1ALL_xls.xls"
"148","http://www.bea.gov/histdata/Releases/GDP_and_PI/2003/Q3/Preliminary_November-25-2003/Section1ALL_xls.xls"
"149","http://www.bea.gov/histdata/Releases/GDP_and_PI/2003/Q3/Final_December-23-2003/Section1ALL_xls.xls"
"150","http://www.bea.gov/histdata/Releases/GDP_and_PI/2003/Q3/Advance_October-30-2003/Section1ALL_xls.xls"
"151","http://www.bea.gov/histdata/Releases/GDP_and_PI/2003/Q2/Preliminary_August-28-2003/Section1ALL_xls.xls"
"152","http://www.bea.gov/histdata/Releases/GDP_and_PI/2003/Q2/Final_September-26-2003/Section1ALL_xls.xls"
"153","http://www.bea.gov/histdata/Releases/GDP_and_PI/2003/Q2/Advance_July-31-2003/Section1ALL_xls.xls"
"154","http://www.bea.gov/histdata/Releases/GDP_and_PI/2003/Q1/Preliminary_May-29-2003/Section1ALL_xls.xls"
"155","http://www.bea.gov/histdata/Releases/GDP_and_PI/2003/Q1/Final_June-26-2003/Section1ALL_xls.xls"
"156","http://www.bea.gov/histdata/Releases/GDP_and_PI/2003/Q1/Advance_April-25-2003/Section1ALL_xls.xls"
"157","http://www.bea.gov/histdata/Releases/GDP_and_PI/2002/Q4/Preliminary_February-28-2003/Section1ALL_xls.xls"
"158","http://www.bea.gov/histdata/Releases/GDP_and_PI/2002/Q4/Final_March-27-2003/Section1ALL_xls.xls"
"159","http://www.bea.gov/histdata/Releases/GDP_and_PI/2002/Q4/Advance_January-30-2003/Section1ALL_xls.xls"
"160","http://www.bea.gov/histdata/Releases/GDP_and_PI/2002/Q3/Preliminary_November-26-2002/Section1ALL_xls.xls"
"161","http://www.bea.gov/histdata/Releases/GDP_and_PI/2002/Q3/Final_December-20-2002/Section1ALL_xls.xls"
"162","http://www.bea.gov/histdata/Releases/GDP_and_PI/2002/Q3/Advance_October-31-2002/Section1ALL_xls.xls"
"163","http://www.bea.gov/histdata/Releases/GDP_and_PI/2002/Q2/Final_September-27-2002/Section1ALL_xls.xls"
